PoisonedDagger darcap darcap/darcap/guilds/poisoned_dagger /world/world_116_102 19 41 same 21 26
GreenGoblin euthville euthville/green_goblin /world/world_105_113 14 20 same 3 22
SmokingCauldron darcap darcap/darcap/guilds/smoking_cauldron /world/world_116_102 31 26 same 28 28
DreamingSage navar navar_city/dreaming_sage /world/world_122_117 5 14 /world/world_121_117 41 13
BlackShield brest brest/black_shield /world/world_107_123 39 42 same 27 29
LaughingSkull nurnberg pup_land/guilds/laughing_skull /pup_land/nurnberg/city 16 11 same 21 7
PurpleButterfly lonetown pup_land/guilds/purple_butterfly /pup_land/lone_town/town 11 18 same 1 10
MailedFist scorn scorn/guilds/mailed_fist /world/world_105_115 16 32 same 12 26
DrunkenBarbarian santodominion santo_dominion/guilds/drunken_barbarian /world/world_102_108 25 13 same 8 19
DamnedHeretic wolfsburg wolfsburg/guilds/damned_heretics /world/world_128_109 27 16 same 25 8
NenshouYouso azumauindo azumauindo/suno-yamatoshi/nenshou_youso /world/world_127_101 47 15 /world/world_126_101 1 22
KetsuekiItsuryuu azumauindo azumauindo/minatomachi/ketsueki_itsuryuu /world/world_129_101 9 35 same 2 33
ZasekiDzukiRyoku azumauindo azumauindo/zaseki_dzuki_ryoku /world/world_128_101 40 24 same 44 16
Mockers butakisfortress lake_country/Butakis/mockers /lake_country/Butakis/Butakis0 2 15 same 2 20